red,green,blue
0.51459074,0.25267997,0.21497454
0.9264773,0.7396885,0.61099684
0.74414766,0.46293545,0.40031525
