red,green,blue
0.18394832,0.1461885,0.11134603
0.69084626,0.54604864,0.4202198
0.3912399,0.3094948,0.23829882
