red,green,blue
0.8876695,0.49767688,0.48884392
0.75787026,0.31671587,0.33148116
0.4351783,0.19409227,0.17275502
